機械処理年月日,西暦年度,物品コード,購入識別,カナ品名,単位,要求区分,ストック区分,仕様書番号,在庫品単価,再用品単価,在庫品ダム付単価,再用品ダム付単価,ダミー1,ダミー2,主指定表示,ガードタイム,直送数量／倉庫,直送数量／支店等,備考,,,
'機械処理年月日　2019-02-01','西暦年度　2018','00106362','要求終了','H･ｸﾛｰﾊﾞｰﾎﾝSTELﾀﾃ<FP>','ｺ','定期物品Ｓ','　　　　　　','ｼ20055','3000','942','','','','','　　　　　　　　　　　　　　　','2','','','',,,
'機械処理年月日　2019-02-01','西暦年度　2018','00106375','要求終了','H･ｸﾛｰﾊﾞｰﾎﾝSTELﾀﾃ<FG>','ｺ','定期物品Ｓ','　　　　　　','ｼ20055','3000','942','','','','','　　　　　　　　　　　　　　　','2','','','',,,
'機械処理年月日　2019-02-01','西暦年度　2018','00122144','要求終了','800-2P TEL <ｶﾍﾞ>','ｺ','在庫等利活用物品','　　　　　　','ｼ5206','4438','1393','','','','','　　　　　　　　　　　　　　　','5','','','',,,
'機械処理年月日　2019-02-01','西暦年度　2018','00122157','通常','900-P','ｺ','定期物品Ｓ','　　　　　　','ｼ5206-7','5150','1617','','','','','　　　　　　　　　　　　　　　','2','','','',,,
'機械処理年月日　2019-02-01','西暦年度　2018','00122610','要求終了','ﾊｳﾃﾞｨ･ｾﾚｸﾄS2TEL<SW>','ｺ','定期物品Ｓ','　　　　　　','ｼ5206','7450','2339','','','','','　　　　　　　　　　　　　　　','2','','','',,,
'機械処理年月日　2019-02-01','西暦年度　2018','00122623','要求終了','ﾊｳﾃﾞｨ･ｾﾚｸﾄS2TEL<EP>','ｺ','定期物品Ｓ','　　　　　　','ｼ5206','7450','2339','','','','','　　　　　　　　　　　　　　　','2','','','',,,
'機械処理年月日　2019-02-01','西暦年度　2018','00124238','要求終了','M-2PD TEL <ﾖｺ><WG>','ｺ','在庫等利活用物品','　　　　　　','ｼ 5102','7000','2197','','','','','　　　　　　　　　　　　　　　','5','','','',,,
'機械処理年月日　2019-02-01','西暦年度　2018','00124241','要求終了','M-2PD TEL <ﾖｺ><RR>','ｺ','定期物品Ｓ','　　　　　　','ｼ 5102','7000','2197','','','','','　　　　　　　　　　　　　　　','2','','','',,,
'機械処理年月日　2019-02-01','西暦年度　2018','00125387','要求終了','ﾊｳﾃﾞｨ･ﾚﾎﾟﾝｽIM-2200<MW>','ｺ','定期物品Ｓ','　　　　　　','ｼ210026','11550','3626','','','','','　　　　　　　　　　　　　　　','2','','','',,,
'機械処理年月日　2019-02-01','西暦年度　2018','00125390','要求終了','ﾊｳﾃﾞｨ･ﾚﾎﾟﾝｽIM-2200<MG>','ｺ','定期物品Ｓ','　　　　　　','ｼ210026','11550','3626','','','','','　　　　　　　　　　　　　　　','2','','','',,,
'機械処理年月日　2019-02-01','西暦年度　2018','00101484','要求終了','610-A2WTEL','ｺ','在庫等利活用物品','　　　　　　','ﾊｲｼ','7156','2246','','','','','　　　　　　　　　　　　　　　','5','','','',,,
'機械処理年月日　2019-02-01','西暦年度　2018','00101514','要求終了','630-A1TEL','ｺ','在庫等利活用物品','　　　　　　','ﾊｲｼ','5149','1616','','','','','　　　　　　　　　　　　　　　','5','','','',,,
'機械処理年月日　2019-02-01','西暦年度　2018','00102546','要求終了','601-A2 ｲﾛ TEL <W>','ｺ','在庫等利活用物品','　　　　　　','ｼ4884','4927','1547','','','','','　　　　　　　　　　　　　　　','5','','','',,,
'機械処理年月日　2019-02-01','西暦年度　2018','00102559','要求終了','601-A2 ｲﾛ TEL <G>','ｺ','在庫等利活用物品','　　　　　　','ｼ4884','4927','1547','','','','','　　　　　　　　　　　　　　　','5','','','',,,
'機械処理年月日　2019-02-01','西暦年度　2018','00103868','要求終了','601-D TEL<B>','ｺ','在庫等利活用物品','　　　　　　','ｼ20057','5500','1726','','','','','　　　　　　　　　　　　　　　','5','','','',,,
'機械処理年月日　2019-02-01','西暦年度　2018','00103901','要求終了','601-D TEL','ｺ','在庫等利活用物品','　　　　　　','ｼ20057','5500','1726','','','','','　　　　　　　　　　　　　　　','5','','','',,,
'機械処理年月日　2019-02-01','西暦年度　2018','00106388','要求終了','H･ｸﾛｰﾊﾞｰﾎﾝSTELﾀﾃ<MB>','ｺ','定期物品Ｓ','　　　　　　','ｼ20055','3000','942','','','','','　　　　　　　　　　　　　　　','2','','','',,,
'機械処理年月日　2019-02-01','西暦年度　2018','00106391','要求終了','H･ｸﾛｰﾊﾞｰﾎﾝSTELﾀﾃ<BK>','ｺ','定期物品Ｓ','　　　　　　','ｼ20055','3000','942','','','','','　　　　　　　　　　　　　　　','2','','','',,,
'機械処理年月日　2019-02-01','西暦年度　2018','00122160','要求終了','TM-1P TEL','ｺ','在庫等利活用物品','　　　　　　','ｼ5207','6862','2154','','','','','　　　　　　　　　　　　　　　','5','','','',,,
'機械処理年月日　2019-02-01','西暦年度　2018','00122173','要求終了','TM-2P TEL','ｺ','在庫等利活用物品','　　　　　　','ｼ5207','6882','2160','','','','','　　　　　　　　　　　　　　　','5','','','',,,
'機械処理年月日　2019-02-01','西暦年度　2018','00122636','要求終了','ﾊｳﾃﾞｨ･ｾﾚｸﾄS2TEL<BG>','ｺ','定期物品Ｓ','　　　　　　','ｼ5206','7450','2339','','','','','　　　　　　　　　　　　　　　','2','','','',,,
'機械処理年月日　2019-02-01','西暦年度　2018','00122649','要求終了','ﾊｳﾃﾞｨ･ｾﾚｸﾄS2RATEL<SW>','ｺ','定期物品Ｓ','　　　　　　','ｼ5206','8300','2605','','','','','　　　　　　　　　　　　　　　','2','','','',,,
'機械処理年月日　2019-02-01','西暦年度　2018','00124313','要求終了','M-2PD TEL <ﾀﾃ><IW>','ｺ','定期物品Ｓ','　　　　　　','ｼ5102','16650','5226','','','','','　　　　　　　　　　　　　　　','2','','','',,,
'機械処理年月日　2019-02-01','西暦年度　2018','00124326','要求終了','M-2PD TEL <ﾀﾃ><SB>','ｺ','定期物品Ｓ','　　　　　　','ｼ5102','16650','5226','','','','','　　　　　　　　　　　　　　　','2','','','',,,
'機械処理年月日　2019-02-01','西暦年度　2018','00125404','要求終了','ﾊｳﾃﾞｨ･ﾚﾎﾟﾝｽIM-3300<MW>','ｺ','定期物品Ｓ','　　　　　　','ｼ210026','14030','4404','','','','','　　　　　　　　　　　　　　　','2','','','',,,
'機械処理年月日　2019-02-01','西暦年度　2018','00125417','要求終了','ﾊｳﾃﾞｨ･ﾚﾎﾟﾝｽIM-3300<SH>','ｺ','定期物品Ｓ','　　　　　　','ｼ210026','14030','4404','','','','','　　　　　　　　　　　　　　　','2','','','',,,
'機械処理年月日　2019-02-01','西暦年度　2018','00101527','要求終了','650-A1TEL','ｺ','在庫等利活用物品','　　　　　　','ﾊｲｼ','6069','1905','','','','','　　　　　　　　　　　　　　　','5','','','',,,
'機械処理年月日　2019-02-01','西暦年度　2018','00101530','要求終了','650-A2TEL','ｺ','在庫等利活用物品','　　　　　　','ﾊｲｼ','6069','1905','','','','','　　　　　　　　　　　　　　　','5','','','',,,
'機械処理年月日　2019-02-01','西暦年度　2018','00102562','要求終了','601-A2 ｲﾛ TEL <I>','ｺ','在庫等利活用物品','　　　　　　','ｼ4884','4927','1547','','','','','　　　　　　　　　　　　　　　','5','','','',,,
'機械処理年月日　2019-02-01','西暦年度　2018','00102618','要求終了','601-A1 L ｲﾛ TEL<W>','ｺ','在庫等利活用物品','　　　　　　','ｼ  4886','6362','1997','','','','','　　　　　　　　　　　　　　　','5','','','',,,
'機械処理年月日　2019-02-01','西暦年度　2018','00104119','要求終了','NT-2500E TEL','ｺ','在庫等利活用物品','　　　　　　','ﾊｲｼ','7750','2433','','','','','　　　　　　　　　　　　　　　','5','','','',,,
'機械処理年月日　2019-02-01','西暦年度　2018','00104122','要求終了','GTE-80E TEL','ｺ','在庫等利活用物品','　　　　　　','ﾊｲｼ','7750','2433','','','','','　　　　　　　　　　　　　　　','5','','','',,,
'機械処理年月日　2019-02-01','西暦年度　2018','00106405','要求終了','H･ｸﾛｰﾊﾞｰﾎﾝSTELﾖｺ<CW>','ｺ','定期物品Ｓ','　　　　　　','ｼ20055','4200','1318','','','','','　　　　　　　　　　　　　　　','2','','','',,,
'機械処理年月日　2019-02-01','西暦年度　2018','00106418','要求終了','H･ｸﾛｰﾊﾞｰﾎﾝSTELﾖｺ<FP>','ｺ','定期物品Ｓ','　　　　　　','ｼ20055','4200','1318','','','','','　　　　　　　　　　　　　　　','2','','','',,,
'機械処理年月日　2019-02-01','西暦年度　2018','00122216','要求終了','ﾊｳﾃﾞｨｾﾚｸﾄTELｽﾘﾑ<SW>','ｺ','定期物品Ｓ','　　　　　　','ｼ5206','7870','2470','','','','','　　　　　　　　　　　　　　　','2','','','',,,
'機械処理年月日　2019-02-01','西暦年度　2018','00122229','要求終了','ﾊｳﾃﾞｨｾﾚｸﾄTELｽﾘﾑ<NA>','ｺ','定期物品Ｓ','　　　　　　','ｼ5206','7870','2470','','','','','　　　　　　　　　　　　　　　','2','','','',,,
'機械処理年月日　2019-02-01','西暦年度　2018','00122652','要求終了','ﾊｳﾃﾞｨ･ｾﾚｸﾄS3TEL<SW>','ｺ','定期物品Ｓ','　　　　　　','ｼ5206','7820','2455','','','','','　　　　　　　　　　　　　　　','2','','','',,,
'機械処理年月日　2019-02-01','西暦年度　2018','00122665','要求終了','ﾊｳﾃﾞｨ･ｾﾚｸﾄS3TEL<EP>','ｺ','定期物品Ｓ','　　　　　　','ｼ5206','7820','2455','','','','','　　　　　　　　　　　　　　　','2','','','',,,
'機械処理年月日　2019-02-01','西暦年度　2018','00124339','要求終了','M-2PD TEL <ﾀﾃ><SP>','ｺ','定期物品Ｓ','　　　　　　','ｼ5102','16650','5226','','','','','　　　　　　　　　　　　　　　','2','','','',,,
'機械処理年月日　2019-02-01','西暦年度　2018','00124355','要求終了','ﾊｳﾃﾞｨ･ﾒﾓｰﾙ10TEL<FW>','ｺ','定期物品Ｓ','　　　　　　','ｼ5102','8950','2809','','','','','　　　　　　　　　　　　　　　','2','','','',,,
'機械処理年月日　2019-02-01','西暦年度　2018','00100205','通常','<ｷｿﾞｳ>900-P','ｺ','定期物品Ｓ','　　　　　　','ｶｾﾂｼﾞｭｳﾀｸﾖｳ','0','0','','','','','　　　　　　　　　　　　　　　','2','','','',,,
'機械処理年月日　2019-02-01','西暦年度　2018','00100218','通常','<ｷｿﾞｳ>ﾊｳﾃﾞｨ･ｸﾛｰﾊﾞｰﾎﾝS3TEL<CW>','ｺ','定期物品Ｓ','　　　　　　','ｶｾﾂｼﾞｭｳﾀｸﾖｳ','0','0','','','','','　　　　　　　　　　　　　　　','2','','','',,,
'機械処理年月日　2019-02-01','西暦年度　2018','00101615','要求終了','601-A1 TEL','ｺ','在庫等利活用物品','　　　　　　','ｼ 4884','4799','1506','','','','','　　　　　　　　　　　　　　　','5','','','',,,
'機械処理年月日　2019-02-01','西暦年度　2018','00101628','要求終了','601-A2 TEL','ｺ','在庫等利活用物品','　　　　　　','ｼ 4884','4756','1493','','','','','　　　　　　　　　　　　　　　','5','','','',,,
'機械処理年月日　2019-02-01','西暦年度　2018','00102621','要求終了','601 A1 L ｲﾛ TEL<G>','ｺ','在庫等利活用物品','　　　　　　','ｼ  4886','6362','1997','','','','','　　　　　　　　　　　　　　　','5','','','',,,
'機械処理年月日　2019-02-01','西暦年度　2018','00102634','要求終了','601-A1 L ｲﾛ TEL<I>','ｺ','在庫等利活用物品','　　　　　　','ｼ  4886','6362','1997','','','','','　　　　　　　　　　　　　　　','5','','','',,,
'機械処理年月日　2019-02-01','西暦年度　2018','00104151','要求終了','ﾄﾚﾝﾄﾞﾗｲﾝ TEL','ｺ','在庫等利活用物品','　　　　　　','ﾊｲｼ','11440','3591','','','','','　　　　　　　　　　　　　　　','5','','','',,,
'機械処理年月日　2019-02-01','西暦年度　2018','00104513','要求終了','NTT･ｶｰｸﾌﾟﾗｽTEL<K>','ｺ','定期物品Ｓ','　　　　　　','ｼ210030','5980','1877','','','','','　　　　　　　　　　　　　　　','2','','','',,,
'機械処理年月日　2019-02-01','西暦年度　2018','00106421','要求終了','H･ｸﾛｰﾊﾞｰﾎﾝSTELﾖｺ<FG>','ｺ','定期物品Ｓ','　　　　　　','ｼ20055','4200','1318','','','','','　　　　　　　　　　　　　　　','2','','','',,,
'機械処理年月日　2019-02-01','西暦年度　2018','00106434','要求終了','H･ｸﾛｰﾊﾞｰﾎﾝSTELﾖｺ<MB>','ｺ','定期物品Ｓ','　　　　　　','ｼ20055','4200','1318','','','','','　　　　　　　　　　　　　　　','2','','','',,,
'機械処理年月日　2019-02-01','西暦年度　2018','00122232','要求終了','ﾊｳﾃﾞｨｾﾚｸﾄTELｽﾘﾑ<RG>','ｺ','定期物品Ｓ','　　　　　　','ｼ5206','7870','2470','','','','','　　　　　　　　　　　　　　　','2','','','',,,
'機械処理年月日　2019-02-01','西暦年度　2018','00122245','要求終了','ﾊｳﾃﾞｨｾﾚｸﾄTELｽﾘﾑ<BR>','ｺ','定期物品Ｓ','　　　　　　','ｼ5206','7870','2470','','','','','　　　　　　　　　　　　　　　','2','','','',,,
'機械処理年月日　2019-02-01','西暦年度　2018','00122678','要求終了','ﾊｳﾃﾞｨ･ｾﾚｸﾄS3TEL<RH>','ｺ','定期物品Ｓ','　　　　　　','ｼ5206','7820','2455','','','','','　　　　　　　　　　　　　　　','2','','','',,,
'機械処理年月日　2019-02-01','西暦年度　2018','00122708','要求終了','ﾊｳﾃﾞｨ ﾕｳ TEL <W>','ｺ','定期物品Ｓ','　　　　　　','ｼ5206','9500','2982','','','','','　　　　　　　　　　　　　　　','2','','','',,,
'機械処理年月日　2019-02-01','西暦年度　2018','00124368','要求終了','ﾊｳﾃﾞｨ･ﾒﾓｰﾙ10TEL<FP>','ｺ','定期物品Ｓ','　　　　　　','ｼ5102','8950','2809','','','','','　　　　　　　　　　　　　　　','2','','','',,,
'機械処理年月日　2019-02-01','西暦年度　2018','00124371','要求終了','ﾊｳﾃﾞｨ･ﾒﾓｰﾙ10TEL<DG>','ｺ','定期物品Ｓ','　　　　　　','ｼ5102','8950','2809','','','','','　　　　　　　　　　　　　　　','2','','','',,,
'機械処理年月日　2019-02-01','西暦年度　2018','00100221','通常','<ｷｿﾞｳ>ﾊｳﾃﾞｨ･ｸﾛｰﾊﾞｰﾎﾝS3TEL<DH>','ｺ','定期物品Ｓ','　　　　　　','ｶｾﾂｼﾞｭｳﾀｸﾖｳ','0','0','','','','','　　　　　　　　　　　　　　　','2','','','',,,
'機械処理年月日　2019-02-01','西暦年度　2018','00100234','通常','<ｷｿﾞｳ>ｻﾝﾖ-<F59>','ｺ','定期物品Ｓ','　　　　　　','ｶｾﾂｼﾞｭｳﾀｸﾖｳ','0','0','','','','','　　　　　　　　　　　　　　　','2','','','',,,
'機械処理年月日　2019-02-01','西暦年度　2018','00101631','要求終了','601-A1 L TEL','ｺ','在庫等利活用物品','　　　　　　','ｼ  4886','6190','1943','','','','','　　　　　　　　　　　　　　　','5','','','',,,
'機械処理年月日　2019-02-01','西暦年度　2018','00101644','要求終了','601-A2 L TEL','ｺ','在庫等利活用物品','　　　　　　','ｼ  4886','6190','1943','','','','','　　　　　　　　　　　　　　　','5','','','',,,
'機械処理年月日　2019-02-01','西暦年度　2018','00102647','要求終了','601-A2 L ｲﾛ TEL<W>','ｺ','在庫等利活用物品','　　　　　　','ｼ  4886','6362','1997','','','','','　　　　　　　　　　　　　　　','5','','','',,,
'機械処理年月日　2019-02-01','西暦年度　2018','00102650','要求終了','601-A2 L ｲﾛ TEL<G>','ｺ','在庫等利活用物品','　　　　　　','ｼ  4886','6362','1997','','','','','　　　　　　　　　　　　　　　','5','','','',,,
'機械処理年月日　2019-02-01','西暦年度　2018','00105112','要求終了','650-CTEL','ｺ','在庫等利活用物品','　　　　　　','ﾊｲｼ','4868','1528','','','','','　　　　　　　　　　　　　　　','5','','','',,,
'機械処理年月日　2019-02-01','西暦年度　2018','00105125','要求終了','650-CｲﾛTEL<W>','ｺ','在庫等利活用物品','　　　　　　','ﾊｲｼ','5261','1651','','','','','　　　　　　　　　　　　　　　','5','','','',,,
'機械処理年月日　2019-02-01','西暦年度　2018','00106447','要求終了','H･ｸﾛｰﾊﾞｰﾎﾝSTELﾖｺ<BK>','ｺ','定期物品Ｓ','　　　　　　','ｼ20055','4200','1318','','','','','　　　　　　　　　　　　　　　','2','','','',,,
'機械処理年月日　2019-02-01','西暦年度　2018','00106450','要求終了','ﾁﾋﾞﾏﾙｺﾁｬﾝﾃﾞﾝﾜ','ｺ','定期物品Ｓ','　　　　　　','ｼ5206','9990','3136','','','','','　　　　　　　　　　　　　　　','2','','','',,,
'機械処理年月日　2019-02-01','西暦年度　2018','00122258','要求終了','ﾊｳﾃﾞｨｾﾚｸﾄTELｽﾘﾑ<BG>','ｺ','定期物品Ｓ','　　　　　　','ｼ5206','7870','2470','','','','','　　　　　　　　　　　　　　　','2','','','',,,
'機械処理年月日　2019-02-01','西暦年度　2018','00122317','要求終了','ﾊｳﾃﾞｨｾﾚｸﾄTELﾜｲﾄﾞ<SW>','ｺ','定期物品Ｓ','　　　　　　','ｼ5206','7770','2439','','','','','　　　　　　　　　　　　　　　','2','','','',,,
'機械処理年月日　2019-02-01','西暦年度　2018','00122711','要求終了','ﾊｳﾃﾞｨ ﾕｳ TEL <H>','ｺ','定期物品Ｓ','　　　　　　','ｼ5206','9500','2982','','','','','　　　　　　　　　　　　　　　','2','','','',,,
'機械処理年月日　2019-02-01','西暦年度　2018','00122809','要求終了','ﾊｳﾃﾞｨ ﾕｳ2 TEL<W>','ｺ','定期物品Ｓ','　　　　　　','ｼ5206','9500','2982','','','','','　　　　　　　　　　　　　　　','2','','','',,,
'機械処理年月日　2019-02-01','西暦年度　2018','00124384','要求終了','ﾊｳﾃﾞｨ･ﾒﾓｰﾙ10-2TEL<FW>','ｺ','定期物品Ｓ','　　　　　　','ｼ5102','9100','2856','','','','','　　　　　　　　　　　　　　　','2','','','',,,
'機械処理年月日　2019-02-01','西暦年度　2018','00124397','要求終了','ﾊｳﾃﾞｨ･ﾒﾓｰﾙ10-2TEL<DH>','ｺ','定期物品Ｓ','　　　　　　','ｼ5102','9100','2856','','','','','　　　　　　　　　　　　　　　','2','','','',,,
'機械処理年月日　2019-02-01','西暦年度　2018','00100247','通常','<ｷｿﾞｳ>NEC<ｼｪﾙﾃｨTYPES>','ｺ','定期物品Ｓ','　　　　　　','ｶｾﾂｼﾞｭｳﾀｸﾖｳ','0','0','','','','','　　　　　　　　　　　　　　　','2','','','',,,
'機械処理年月日　2019-02-01','西暦年度　2018','00100250','通常','<ｷｿﾞｳ>ﾊﾟﾅｿﾆｯｸ<VE-F04-K>','ｺ','定期物品Ｓ','　　　　　　','ｶｾﾂｼﾞｭｳﾀｸﾖｳ','0','0','','','','','　　　　　　　　　　　　　　　','2','','','',,,
'機械処理年月日　2019-02-01','西暦年度　2018','00101660','要求終了','601-A2 N TEL','ｺ','在庫等利活用物品','　　　　　　','ｼ 4887','9674','3037','','','','','　　　　　　　　　　　　　　　','5','','','',,,
'機械処理年月日　2019-02-01','西暦年度　2018','00102113','要求終了','600-A1ｲﾛTEL<W>','ｺ','在庫等利活用物品','　　　　　　','ﾊｲｼ','6231','1956','','','','','　　　　　　　　　　　　　　　','5','','','',,,
'機械処理年月日　2019-02-01','西暦年度　2018','00102663','要求終了','601-A2 L ｲﾛ TEL<I>','ｺ','在庫等利活用物品','　　　　　　','ｼ  4886','6362','1997','','','','','　　　　　　　　　　　　　　　','5','','','',,,
'機械処理年月日　2019-02-01','西暦年度　2018','00102722','要求終了','601-A2 ﾍﾞﾙﾁﾖｳ TEL','ｺ','在庫等利活用物品','　　　　　　','ｼ 4884','4885','1533','','','','','　　　　　　　　　　　　　　　','5','','','',,,
'機械処理年月日　2019-02-01','西暦年度　2018','00105138','要求終了','650-CｲﾛTEL<G>','ｺ','在庫等利活用物品','　　　　　　','ﾊｲｼ','5261','1651','','','','','　　　　　　　　　　　　　　　','5','','','',,,
'機械処理年月日　2019-02-01','西暦年度　2018','00105314','要求終了','601-C TEL','ｺ','在庫等利活用物品','　　　　　　','ｼ4884','4196','1317','','','','','　　　　　　　　　　　　　　　','5','','','',,,
'機械処理年月日　2019-02-01','西暦年度　2018','00106463','要求終了','ﾊｳﾃﾞｨ･ｸﾛ-ﾊﾞ-ﾎﾝS2TEL<CW>','ｺ','定期物品Ｓ','　　　　　　','ｼ5206','5450','1711','','','','','　　　　　　　　　　　　　　　','2','','','',,,
'機械処理年月日　2019-02-01','西暦年度　2018','00106476','要求終了','ﾊｳﾃﾞｨ･ｸﾛ-ﾊﾞ-ﾎﾝS2TEL<FG>','ｺ','定期物品Ｓ','　　　　　　','ｼ5206','5450','1711','','','','','　　　　　　　　　　　　　　　','2','','','',,,
'機械処理年月日　2019-02-01','西暦年度　2018','00122320','要求終了','ﾊｳﾃﾞｨｾﾚｸﾄTELﾜｲﾄﾞ<NA>','ｺ','定期物品Ｓ','　　　　　　','ｼ5206','7770','2439','','','','','　　　　　　　　　　　　　　　','2','','','',,,
'機械処理年月日　2019-02-01','西暦年度　2018','00122333','要求終了','ﾊｳﾃﾞｨｾﾚｸﾄTELﾜｲﾄﾞ<RG>','ｺ','定期物品Ｓ','　　　　　　','ｼ5206','7770','2439','','','','','　　　　　　　　　　　　　　　','2','','','',,,
'機械処理年月日　2019-02-01','西暦年度　2018','00122812','要求終了','ﾊｳﾃﾞｨ ﾕｳ2 TEL<H>','ｺ','定期物品Ｓ','　　　　　　','ｼ5206','9500','2982','','','','','　　　　　　　　　　　　　　　','2','','','',,,
'機械処理年月日　2019-02-01','西暦年度　2018','00122825','要求終了','ﾊｳﾃﾞｨ ﾕｳ2 TEL<ﾊﾟｽﾜｰﾄﾞ>','ｺ','随時物品大物','　　　　　　','ｼ5206','15200','4771','','','','','　　　　　　　　　　　　　　　','6','','','',,,
'機械処理年月日　2019-02-01','西暦年度　2018','00124443','要求終了','ﾊｳﾃﾞｨ･ﾄｰｸ TEL<CW>','ｺ','定期物品Ｓ','　　　　　　','ｼ20082','7000','2197','','','','','　　　　　　　　　　　　　　　','2','','','',,,
'機械処理年月日　2019-02-01','西暦年度　2018','00124456','要求終了','ﾊｳﾃﾞｨ･ﾄｰｸ TEL<PP>','ｺ','定期物品Ｓ','　　　　　　','ｼ20082','7000','2197','','','','','　　　　　　　　　　　　　　　','2','','','',,,
'機械処理年月日　2019-02-01','西暦年度　2018','00100263','通常','<ｷｿﾞｳ>ｻﾝﾖｰ<DJ4>','ｺ','定期物品Ｓ','　　　　　　','ｶｾﾂｼﾞｭｳﾀｸﾖｳ','0','0','','','','','　　　　　　　　　　　　　　　','2','','','',,,
'機械処理年月日　2019-02-01','西暦年度　2018','00100276','通常','<ｷｿﾞｳ>ｼｬｰﾌﾟ<JD-V33CL>','ｺ','定期物品Ｓ','　　　　　　','ｶｾﾂｼﾞｭｳﾀｸﾖｳ','0','0','','','','','　　　　　　　　　　　　　　　','2','','','',,,
'機械処理年月日　2019-02-01','西暦年度　2018','00102126','要求終了','600-A1ｲﾛTEL<G>','ｺ','在庫等利活用物品','　　　　　　','ﾊｲｼ','6231','1956','','','','','　　　　　　　　　　　　　　　','5','','','',,,
'機械処理年月日　2019-02-01','西暦年度　2018','00102139','要求終了','600-A1ｲﾛTEL<I>','ｺ','在庫等利活用物品','　　　　　　','ﾊｲｼ','6231','1956','','','','','　　　　　　　　　　　　　　　','5','','','',,,
'機械処理年月日　2019-02-01','西暦年度　2018','00102810','要求終了','601-A1W TEL','ｺ','在庫等利活用物品','　　　　　　','ｼ 5001','8005','2513','','','','','　　　　　　　　　　　　　　　','5','','','',,,
'機械処理年月日　2019-02-01','西暦年度　2018','00102823','要求終了','601-A2W TEL','ｺ','在庫等利活用物品','　　　　　　','ｼ 5001','7644','2399','','','','','　　　　　　　　　　　　　　　','5','','','',,,
'機械処理年月日　2019-02-01','西暦年度　2018','00105327','要求終了','601-C ｲﾛ TEL <W>','ｺ','在庫等利活用物品','　　　　　　','ｼ4884','4389','1378','','','','','　　　　　　　　　　　　　　　','5','','','',,,
'機械処理年月日　2019-02-01','西暦年度　2018','00105330','要求終了','601-C ｲﾛ TEL <G>','ｺ','在庫等利活用物品','　　　　　　','ｼ4884','4389','1378','','','','','　　　　　　　　　　　　　　　','5','','','',,,
'機械処理年月日　2019-02-01','西暦年度　2018','00106489','要求終了','ﾊｳﾃﾞｨ･ｸﾛ-ﾊﾞ-ﾎﾝS2TEL<DG>','ｺ','定期物品Ｓ','　　　　　　','ｼ5206','5450','1711','','','','','　　　　　　　　　　　　　　　','2','','','',,,
'機械処理年月日　2019-02-01','西暦年度　2018','00106506','通常','ﾊｳﾃﾞｨ･ｸﾛｰﾊﾞｰﾎﾝS3TEL<CW>','ｺ','定期物品Ｓ','　　　　　　','ｼ5206','5620','1764','','','','','　　　　　　　　　　　　　　　','2','','','',,,
'機械処理年月日　2019-02-01','西暦年度　2018','00122346','要求終了','ﾊｳﾃﾞｨｾﾚｸﾄTELﾜｲﾄﾞ<BR>','ｺ','定期物品Ｓ','　　　　　　','ｼ5206','7770','2439','','','','','　　　　　　　　　　　　　　　','2','','','',,,
'機械処理年月日　2019-02-01','西暦年度　2018','00122359','要求終了','ﾊｳﾃﾞｨｾﾚｸﾄTELﾜｲﾄﾞ<BG>','ｺ','定期物品Ｓ','　　　　　　','ｼ5206','7770','2439','','','','','　　　　　　　　　　　　　　　','2','','','',,,
'機械処理年月日　2019-02-01','西暦年度　2018','00122900','要求終了','ﾊｳﾃﾞｨ ﾕｳ3 TEL<W>','ｺ','定期物品Ｓ','　　　　　　','ｻｲｼB5206-9-1','9580','3007','','','','','　　　　　　　　　　　　　　　','2','','','',,,
'機械処理年月日　2019-02-01','西暦年度　2018','00122913','要求終了','ﾊｳﾃﾞｨ ﾕｳ3 TEL<H>','ｺ','定期物品Ｓ','　　　　　　','ｻｲｼB5206-9-1','9580','3007','','','','','　　　　　　　　　　　　　　　','2','','','',,,
'機械処理年月日　2019-02-01','西暦年度　2018','00125114','要求終了','AS-1P TEL<A>','ｺ','定期物品Ｓ','　　　　　　','ｼ 5342','14950','4693','','','','','　　　　　　　　　　　　　　　','2','','','',,,
'機械処理年月日　2019-02-01','西暦年度　2018','00125127','要求終了','AS-1P TEL<B>','ｺ','定期物品Ｓ','　　　　　　','ｼ 5342','16200','5085','','','','','　　　　　　　　　　　　　　　','2','','','',,,
'機械処理年月日　2019-02-01','西暦年度　2018','00100289','通常','<ｷｿﾞｳ>ﾊﾟﾅｿﾆｯｸ<VE-GP24DL-W>','ｺ','定期物品Ｓ','　　　　　　','ｶｾﾂｼﾞｭｳﾀｸﾖｳ','0','0','','','','','　　　　　　　　　　　　　　　','2','','','',,,
'機械処理年月日　2019-02-01','西暦年度　2018','00100292','通常','<ｷｿﾞｳ>ﾊﾟﾅｿﾆｯｸ<VE-GP34DL-K>','ｺ','定期物品Ｓ','　　　　　　','ｶｾﾂｼﾞｭｳﾀｸﾖｳ','0','0','','','','','　　　　　　　　　　　　　　　','2','','','',,,
'機械処理年月日　2019-02-01','西暦年度　2018','00102142','要求終了','600-A2ｲﾛTEL<W>','ｺ','在庫等利活用物品','　　　　　　','ﾊｲｼ','6231','1956','','','','','　　　　　　　　　　　　　　　','5','','','',,,
'機械処理年月日　2019-02-01','西暦年度　2018','00102155','要求終了','600-A2ｲﾛTEL<G>','ｺ','在庫等利活用物品','　　　　　　','ﾊｲｼ','6231','1956','','','','','　　　　　　　　　　　　　　　','5','','','',,,
'機械処理年月日　2019-02-01','西暦年度　2018','00103116','要求終了','600-PTEL<W>','ｺ','在庫等利活用物品','　　　　　　','ﾊｲｼ','11490','3607','','','','','　　　　　　　　　　　　　　　','5','','','',,,
'機械処理年月日　2019-02-01','西暦年度　2018','00103129','要求終了','600-PTEL<G>','ｺ','在庫等利活用物品','　　　　　　','ﾊｲｼ','11490','3607','','','','','　　　　　　　　　　　　　　　','5','','','',,,
'機械処理年月日　2019-02-01','西暦年度　2018','00105343','要求終了','601-C ｲﾛ TEL <I>','ｺ','在庫等利活用物品','　　　　　　','ｼ4884','4389','1378','','','','','　　　　　　　　　　　　　　　','5','','','',,,
'機械処理年月日　2019-02-01','西暦年度　2018','00106115','要求終了','ｸﾛｰﾊﾞ-ﾎﾝMETEL<CW>','ｺ','定期物品Ｓ','　　　　　　','ｼ20055','5660','1777','','','','','　　　　　　　　　　　　　　　','2','','','',,,
'機械処理年月日　2019-02-01','西暦年度　2018','00106519','要求終了','ﾊｳﾃﾞｨ･ｸﾛｰﾊﾞｰﾎﾝS3TEL<FG>','ｺ','定期物品Ｓ','　　　　　　','ｼ5206','5640','1770','','','','','　　　　　　　　　　　　　　　','2','','','',,,
'機械処理年月日　2019-02-01','西暦年度　2018','00106522','通常','ﾊｳﾃﾞｨ･ｸﾛｰﾊﾞｰﾎﾝS3TEL<DH>','ｺ','定期物品Ｓ','　　　　　　','ｼ5206','5620','1764','','','','','　　　　　　　　　　　　　　　','2','','','',,,
'機械処理年月日　2019-02-01','西暦年度　2018','00122418','要求終了','ﾊｳﾃﾞｨｾﾚｸﾄTELﾐﾆ<SW>','ｺ','定期物品Ｓ','　　　　　　','ｼ5206','6770','2125','','','','','　　　　　　　　　　　　　　　','2','','','',,,
'機械処理年月日　2019-02-01','西暦年度　2018','00122421','要求終了','ﾊｳﾃﾞｨｾﾚｸﾄTELﾐﾆ<NA>','ｺ','定期物品Ｓ','　　　　　　','ｼ5206','6770','2125','','','','','　　　　　　　　　　　　　　　','2','','','',,,
'機械処理年月日　2019-02-01','西暦年度　2018','00122926','通常','HWD-TEL','ｺ','定期物品Ｓ','　　　　　　','ｻｲｼ120270-1','11300','803','','','','','　　　　　　　　　　　　　　　','2','','','',,,
'機械処理年月日　2019-02-01','西暦年度　2018','00123118','要求終了','S-1A1ｶｸｾｲTEL <PG>','ｺ','在庫等利活用物品','　　　　　　','ﾊｲｼ','63200','19838','','','','','　　　　　　　　　　　　　　　','5','','','',,,
'機械処理年月日　2019-02-01','西暦年度　2018','00125143','要求終了','AS-2P TEL','ｺ','在庫等利活用物品','　　　　　　','ｼ 5342','17250','5415','','','','','　　　　　　　　　　　　　　　','5','','','',,,
'機械処理年月日　2019-02-01','西暦年度　2018','00125156','要求終了','CC-1P TEL','ｺ','在庫等利活用物品','　　　　　　','ｼ 5342','30000','9417','','','','','　　　　　　　　　　　　　　　','5','','','',,,
'機械処理年月日　2019-02-01','西暦年度　2018','00100306','通常','<ｷｿﾞｳ>ﾊﾟｲｵﾆｱ<TF-EV350D>','ｺ','定期物品Ｓ','　　　　　　','ｶｾﾂｼﾞｭｳﾀｸﾖｳ','0','0','','','','','　　　　　　　　　　　　　　　','2','','','',,,
'機械処理年月日　2019-02-01','西暦年度　2018','00101110','要求終了','41-M ﾃﾞﾝﾜｷ','ｺ','在庫等利活用物品','　　　　　　','ﾊｲｼ','6165','1935','','','','','　　　　　　　　　　　　　　　','5','','','',,,
'機械処理年月日　2019-02-01','西暦年度　2018','00102168','要求終了','600-A2ｲﾛTEL<I>','ｺ','在庫等利活用物品','　　　　　　','ﾊｲｼ','6231','1956','','','','','　　　　　　　　　　　　　　　','5','','','',,,
'機械処理年月日　2019-02-01','西暦年度　2018','00102214','要求終了','610-A1ｲﾛTEL<W>','ｺ','在庫等利活用物品','　　　　　　','ﾊｲｼ','6451','2025','','','','','　　　　　　　　　　　　　　　','5','','','',,,
'機械処理年月日　2019-02-01','西暦年度　2018','00103132','要求終了','600-PTEL<I>','ｺ','在庫等利活用物品','　　　　　　','ﾊｲｼ','11490','3607','','','','','　　　　　　　　　　　　　　　','5','','','',,,
'機械処理年月日　2019-02-01','西暦年度　2018','00103145','要求終了','600-PTEL<C>','ｺ','在庫等利活用物品','　　　　　　','ﾊｲｼ','11490','3607','','','','','　　　　　　　　　　　　　　　','5','','','',,,
'機械処理年月日　2019-02-01','西暦年度　2018','00106128','要求終了','ｸﾛｰﾊﾞ-ﾎﾝMETEL<BP>','ｺ','在庫等利活用物品','　　　　　　','ｼ20055','5660','1777','','','','','　　　　　　　　　　　　　　　','5','','','',,,
'機械処理年月日　2019-02-01','西暦年度　2018','00106131','要求終了','ｸﾛｰﾊﾞ-ﾎﾝMETEL<MG>','ｺ','定期物品Ｓ','　　　　　　','ｼ20055','5660','1777','','','','','　　　　　　　　　　　　　　　','2','','','',,,
'機械処理年月日　2019-02-01','西暦年度　2018','00106535','要求終了','ﾊｳﾃﾞｨ･ｸﾛｰﾊﾞｰﾎﾝS3RATEL<CW>','ｺ','定期物品Ｓ','　　　　　　','ｼ5206','7300','2291','','','','','　　　　　　　　　　　　　　　','2','','','',,,
'機械処理年月日　2019-02-01','西暦年度　2018','00106551','要求終了','ﾊｳﾃﾞｨ･ｸﾛｰﾊﾞｰﾎﾝS･ｺｳｿﾝｼﾂTEL','ｺ','随時物品大物','　　　　　　','ｼ5206','12500','3924','','','','','　　　　　　　　　　　　　　　','5','','','',,,
'機械処理年月日　2019-02-01','西暦年度　2018','00122434','要求終了','ﾊｳﾃﾞｨｾﾚｸﾄTELﾐﾆ<RG>','ｺ','定期物品Ｓ','　　　　　　','ｼ5206','6770','2125','','','','','　　　　　　　　　　　　　　　','2','','','',,,
'機械処理年月日　2019-02-01','西暦年度　2018','00122447','要求終了','ﾊｳﾃﾞｨｾﾚｸﾄTELﾐﾆ<CR>','ｺ','定期物品Ｓ','　　　　　　','ｼ5206','6770','2125','','','','','　　　　　　　　　　　　　　　','2','','','',,,
'機械処理年月日　2019-02-01','西暦年度　2018','00123134','要求終了','S-1A2ｶｸｾｲTEL <PG>','ｺ','在庫等利活用物品','　　　　　　','ﾊｲｼ','63200','19838','','','','','　　　　　　　　　　　　　　　','5','','','',,,
'機械処理年月日　2019-02-01','西暦年度　2018','00123147','要求終了','S-1A2ｶｸｾｲTEL <YG>','ｺ','在庫等利活用物品','　　　　　　','ﾊｲｼ','63200','19838','','','','','　　　　　　　　　　　　　　　','5','','','',,,
'機械処理年月日　2019-02-01','西暦年度　2018','00125215','要求終了','AS-3 TEL','ｺ','在庫等利活用物品','　　　　　　','ｼ20038','16600','5211','','','','','　　　　　　　　　　　　　　　','5','','','',,,
'機械処理年月日　2019-02-01','西暦年度　2018','00125228','要求終了','AS-3 RC TEL','ｺ','定期物品Ｓ','　　　　　　','ｼ20038','18600','5839','','','','','　　　　　　　　　　　　　　　','2','','','',,,
'機械処理年月日　2019-02-01','西暦年度　2018','00101123','要求終了','601M-TEL','ｺ','定期物品Ｓ','　　　　　　','ｼ20032','11300','3547','','','','','　　　　　　　　　　　　　　　','2','','','',,,
'機械処理年月日　2019-02-01','西暦年度　2018','00101136','要求終了','601M-ADP','ｺ','定期物品Ｓ','　　　　　　','ｼ20032','3988','1252','','','','','　　　　　　　　　　　　　　　','2','','','',,,
'機械処理年月日　2019-02-01','西暦年度　2018','00102227','要求終了','610-A1ｲﾛTEL<G>','ｺ','在庫等利活用物品','　　　　　　','ﾊｲｼ','6451','2025','','','','','　　　　　　　　　　　　　　　','5','','','',,,
'機械処理年月日　2019-02-01','西暦年度　2018','00102230','要求終了','610-A1ｲﾛTEL<I>','ｺ','在庫等利活用物品','　　　　　　','ﾊｲｼ','6451','2025','','','','','　　　　　　　　　　　　　　　','5','','','',,,
'機械処理年月日　2019-02-01','西暦年度　2018','00103158','要求終了','600-PLTEL','ｺ','在庫等利活用物品','　　　　　　','ﾊｲｼ','13980','4388','','','','','　　　　　　　　　　　　　　　','5','','','',,,
'機械処理年月日　2019-02-01','西暦年度　2018','00103217','要求終了','650-PTEL<W>','ｺ','在庫等利活用物品','　　　　　　','ﾊｲｼ','11800','3704','','','','','　　　　　　　　　　　　　　　','5','','','',,,
'機械処理年月日　2019-02-01','西暦年度　2018','00106144','要求終了','ｸﾛｰﾊﾞ-ﾎﾝMETEL<PC>','ｺ','定期物品Ｓ','　　　　　　','ｼ20055','5660','1777','','','','','　　　　　　　　　　　　　　　','2','','','',,,
'機械処理年月日　2019-02-01','西暦年度　2018','00106157','要求終了','ｸﾛｰﾊﾞ-ﾎﾝMETEL<OY>','ｺ','定期物品Ｓ','　　　　　　','ｼ20055','5660','1777','','','','','　　　　　　　　　　　　　　　','2','','','',,,
'機械処理年月日　2019-02-01','西暦年度　2018','00106564','要求終了','ﾊｳﾃﾞｨ･ｸﾛｰﾊﾞｰﾎﾝS･ｺｳｿﾝｼﾂTEL2','ｺ','随時物品大物','　　　　　　','ｻｲｼB52069-9-2','12260','3848','','','','','　　　　　　　　　　　　　　　','6','','','',,,
'機械処理年月日　2019-02-01','西暦年度　2018','00106607','要求終了','ﾊｳﾃﾞｨ･ｸﾛｰﾊﾞｰﾎﾝﾋｶﾘ','ｺ','定期物品Ｓ','　　　　　　','ｻｲｼ120124-1','0','0','','','','','　　　　　　　　　　　　　　　','2','','','',,,
'機械処理年月日　2019-02-01','西暦年度　2018','00122450','要求終了','ﾊｳﾃﾞｨｾﾚｸﾄTELﾐﾆ<PG>','ｺ','定期物品Ｓ','　　　　　　','ｼ5206','6770','2125','','','','','　　　　　　　　　　　　　　　','2','','','',,,
'機械処理年月日　2019-02-01','西暦年度　2018','00122463','要求終了','ﾊｳﾃﾞｨ･ｾﾚｸﾄSTELｽﾘﾑ<SW>','ｺ','定期物品Ｓ','　　　　　　','ｼ5206','7200','2260','','','','','　　　　　　　　　　　　　　　','2','','','',,,
'機械処理年月日　2019-02-01','西暦年度　2018','00123219','要求終了','S-1P ｶｸｾｲTEL <PG>','ｺ','在庫等利活用物品','　　　　　　','ﾊｲｼ','65100','20435','','','','','　　　　　　　　　　　　　　　','5','','','',,,
'機械処理年月日　2019-02-01','西暦年度　2018','00123222','要求終了','S-1P ｶｸｾｲTEL <YG>','ｺ','在庫等利活用物品','　　　　　　','ﾊｲｼ','65100','20435','','','','','　　　　　　　　　　　　　　　','5','','','',,,
'機械処理年月日　2019-02-01','西暦年度　2018','00125231','要求終了','CC-2 TEL','ｺ','在庫等利活用物品','　　　　　　','ｼ5343','25000','7848','','','','','　　　　　　　　　　　　　　　','5','','','',,,
'機械処理年月日　2019-02-01','西暦年度　2018','00125244','要求終了','ﾊｳﾃﾞｨ･ﾚﾎﾟﾝｽPRO TEL<SW>','ｺ','定期物品Ｓ','　　　　　　','ｼ20083','15000','4709','','','','','　　　　　　　　　　　　　　　','2','','','',,,
'機械処理年月日　2019-02-01','西暦年度　2018','00101312','要求終了','600-A1TEL','ｺ','在庫等利活用物品','　　　　　　','ﾊｲｼ','5844','1834','','','','','　　　　　　　　　　　　　　　','5','','','',,,
'機械処理年月日　2019-02-01','西暦年度　2018','00101325','要求終了','600-A2TEL','ｺ','在庫等利活用物品','　　　　　　','ﾊｲｼ','5844','1834','','','','','　　　　　　　　　　　　　　　','5','','','',,,
'機械処理年月日　2019-02-01','西暦年度　2018','00102243','要求終了','650-A1ｲﾛTEL<W>','ｺ','在庫等利活用物品','　　　　　　','ﾊｲｼ','6455','2026','','','','','　　　　　　　　　　　　　　　','5','','','',,,
'機械処理年月日　2019-02-01','西暦年度　2018','00102256','要求終了','650-A1ｲﾛTEL<G>','ｺ','在庫等利活用物品','　　　　　　','ﾊｲｼ','6455','2026','','','','','　　　　　　　　　　　　　　　','5','','','',,,
'機械処理年月日　2019-02-01','西暦年度　2018','00103220','要求終了','650-PTEL<G>','ｺ','在庫等利活用物品','　　　　　　','ﾊｲｼ','11800','3704','','','','','　　　　　　　　　　　　　　　','5','','','',,,
'機械処理年月日　2019-02-01','西暦年度　2018','00103246','要求終了','650-PTEL<C>','ｺ','在庫等利活用物品','　　　　　　','ﾊｲｼ','11800','3704','','','','','　　　　　　　　　　　　　　　','5','','','',,,
'機械処理年月日　2019-02-01','西暦年度　2018','00106160','要求終了','ｸﾛｰﾊﾞ-ﾎﾝMETEL<GW>','ｺ','定期物品Ｓ','　　　　　　','ｼ20055','5660','1777','','','','','　　　　　　　　　　　　　　　','2','','','',,,
'機械処理年月日　2019-02-01','西暦年度　2018','00106173','要求終了','ｸﾛｰﾊﾞ-ﾎﾝMETEL<GR>','ｺ','定期物品Ｓ','　　　　　　','ｼ20055','5660','1777','','','','','　　　　　　　　　　　　　　　','2','','','',,,
'機械処理年月日　2019-02-01','西暦年度　2018','00108108','要求終了','ｸﾛｰﾊﾞｰﾎﾝSPBXTEL<CW>','ｺ','定期物品Ｓ','　　　　　　','ｼ20055','4750','1491','','','','','　　　　　　　　　　　　　　　','2','','','',,,
'機械処理年月日　2019-02-01','西暦年度　2018','00108111','要求終了','ｸﾛｰﾊﾞｰﾎﾝSPBXTEL<MB>','ｺ','定期物品Ｓ','　　　　　　','ｼ20055','4750','1491','','','','','　　　　　　　　　　　　　　　','2','','','',,,
'機械処理年月日　2019-02-01','西暦年度　2018','00122476','要求終了','ﾊｳﾃﾞｨ･ｾﾚｸﾄSTELｽﾘﾑ<FG>','ｺ','定期物品Ｓ','　　　　　　','ｼ5206','7200','2260','','','','','　　　　　　　　　　　　　　　','2','','','',,,
'機械処理年月日　2019-02-01','西暦年度　2018','00122489','要求終了','ﾊｳﾃﾞｨ･ｾﾚｸﾄSTELｽﾘﾑ<FP>','ｺ','定期物品Ｓ','　　　　　　','ｼ5206','7200','2260','','','','','　　　　　　　　　　　　　　　','2','','','',,,
'機械処理年月日　2019-02-01','西暦年度　2018','00123310','要求終了','800 SPTEL','ｺ','定期物品Ｓ','　　　　　　','ｼ5327','16500','5179','','','','','　　　　　　　　　　　　　　　','2','','','',,,
'機械処理年月日　2019-02-01','西暦年度　2018','00123323','要求終了','800 SPTEL <CB>','ｺ','定期物品Ｓ','　　　　　　','ｼ5327','16500','5179','','','','','　　　　　　　　　　　　　　　','2','','','',,,
'機械処理年月日　2019-02-01','西暦年度　2018','00125257','要求終了','ﾊｳﾃﾞｨ･ﾚﾎﾟﾝｽPRO TEL<BK>','ｺ','在庫等利活用物品','　　　　　　','ｼ20083','15000','4709','','','','','　　　　　　　　　　　　　　　','5','','','',,,
'機械処理年月日　2019-02-01','西暦年度　2018','00125260','要求終了','ﾊｳﾃﾞｨ･ﾚﾎﾟﾝｽIM-2000<SW>','ｺ','定期物品Ｓ','　　　　　　','ｼ210026','11800','3704','','','','','　　　　　　　　　　　　　　　','2','','','',,,
'機械処理年月日　2019-02-01','西暦年度　2018','00101338','要求終了','600-A1LTEL','ｺ','在庫等利活用物品','　　　　　　','ﾊｲｼ','7389','2319','','','','','　　　　　　　　　　　　　　　','5','','','',,,
'機械処理年月日　2019-02-01','西暦年度　2018','00101341','要求終了','600-A2LTEL','ｺ','在庫等利活用物品','　　　　　　','ﾊｲｼ','7389','2319','','','','','　　　　　　　　　　　　　　　','5','','','',,,
'機械処理年月日　2019-02-01','西暦年度　2018','00102269','要求終了','650-A1ｲﾛTEL<I>','ｺ','在庫等利活用物品','　　　　　　','ﾊｲｼ','6455','2026','','','','','　　　　　　　　　　　　　　　','5','','','',,,
'機械処理年月日　2019-02-01','西暦年度　2018','00102272','要求終了','650-A2ｲﾛTEL<W>','ｺ','在庫等利活用物品','　　　　　　','ﾊｲｼ','6455','2026','','','','','　　　　　　　　　　　　　　　','5','','','',,,
'機械処理年月日　2019-02-01','西暦年度　2018','00103510','要求終了','601-P TEL <W>','ｺ','在庫等利活用物品','　　　　　　','ｼ4973','3710','1165','','','','','　　　　　　　　　　　　　　　','5','','','',,,
'機械処理年月日　2019-02-01','西暦年度　2018','00103523','要求終了','601-P TEL <G>','ｺ','在庫等利活用物品','　　　　　　','ｼ4973','3710','1165','','','','','　　　　　　　　　　　　　　　','5','','','',,,
'機械処理年月日　2019-02-01','西暦年度　2018','00106216','要求終了','ｸﾛｰﾊﾞ-ﾎﾝYOUTEL<CW>','ｺ','定期物品Ｓ','　　　　　　','ｼ20055','5660','1777','','','','','　　　　　　　　　　　　　　　','2','','','',,,
'機械処理年月日　2019-02-01','西暦年度　2018','00106229','要求終了','ｸﾛｰﾊﾞ-ﾎﾝYOUTEL<BP>','ｺ','定期物品Ｓ','　　　　　　','ｼ20055','5560','1745','','','','','　　　　　　　　　　　　　　　','2','','','',,,
'機械処理年月日　2019-02-01','西暦年度　2018','00108124','要求終了','ｸﾛｰﾊﾞｰﾎﾝSPBXTEL<BK>','ｺ','定期物品Ｓ','　　　　　　','ｼ20055','4750','1491','','','','','　　　　　　　　　　　　　　　','2','','','',,,
'機械処理年月日　2019-02-01','西暦年度　2018','00108137','要求終了','ｸﾛｰﾊﾞｰﾎﾝS2 PBX TEL','ｺ','定期物品Ｓ','　　　　　　','ｼ20055','5100','1601','','','','','　　　　　　　　　　　　　　　','2','','','',,,
'機械処理年月日　2019-02-01','西暦年度　2018','00122492','要求終了','ﾊｳﾃﾞｨ･ｾﾚｸﾄSTELｽﾘﾑ<EG>','ｺ','定期物品Ｓ','　　　　　　','ｼ5206','7200','2260','','','','','　　　　　　　　　　　　　　　','2','','','',,,
'機械処理年月日　2019-02-01','西暦年度　2018','00122506','要求終了','ﾊｳﾃﾞｨ･ｾﾚｸﾄSTELｽﾘﾑ<DG>','ｺ','定期物品Ｓ','　　　　　　','ｼ5206','7200','2260','','','','','　　　　　　　　　　　　　　　','2','','','',,,
'機械処理年月日　2019-02-01','西暦年度　2018','00123613','要求終了','ﾙｰﾌﾟTEL<A>','ｺ','定期物品Ｓ','　　　　　　','ｼ210056','99500','7074','','','','','　　　　　　　　　　　　　　　','2','','','',,,
'機械処理年月日　2019-02-01','西暦年度　2018','00123714','要求終了','AC100S','ｺ','定期物品Ｓ','　　　　　　','ｼ20076','175500','12478','','','','','　　　　　　　　　　　　　　　','2','','','',,,
'機械処理年月日　2019-02-01','西暦年度　2018','00125273','要求終了','ﾊｳﾃﾞｨ･ﾚﾎﾟﾝｽIM-2000<BK>','ｺ','定期物品Ｓ','　　　　　　','ｼ210026','11800','3704','','','','','　　　　　　　　　　　　　　　','2','','','',,,
'機械処理年月日　2019-02-01','西暦年度　2018','00125286','要求終了','ﾊｳﾃﾞｨ･ｻﾅIC-1000<SW>','ｺ','定期物品Ｓ','　　　　　　','ｼ20083','10200','3202','','','','','　　　　　　　　　　　　　　　','2','','','',,,
'機械処理年月日　2019-02-01','西暦年度　2018','00101354','要求終了','600-A1NTEL','ｺ','在庫等利活用物品','　　　　　　','ﾊｲｼ','10380','3258','','','','','　　　　　　　　　　　　　　　','5','','','',,,
'機械処理年月日　2019-02-01','西暦年度　2018','00101367','要求終了','600-A2NTEL','ｺ','在庫等利活用物品','　　　　　　','ﾊｲｼ','10380','3258','','','','','　　　　　　　　　　　　　　　','5','','','',,,
'機械処理年月日　2019-02-01','西暦年度　2018','00102285','要求終了','650-A2ｲﾛTEL<G>','ｺ','在庫等利活用物品','　　　　　　','ﾊｲｼ','6455','2026','','','','','　　　　　　　　　　　　　　　','5','','','',,,
'機械処理年月日　2019-02-01','西暦年度　2018','00102298','要求終了','650-A2ｲﾛTEL<I>','ｺ','在庫等利活用物品','　　　　　　','ﾊｲｼ','6455','2026','','','','','　　　　　　　　　　　　　　　','5','','','',,,
'機械処理年月日　2019-02-01','西暦年度　2018','00103536','要求終了','601-P TEL <I>','ｺ','在庫等利活用物品','　　　　　　','ｼ4973','3710','1165','','','','','　　　　　　　　　　　　　　　','5','','','',,,
'機械処理年月日　2019-02-01','西暦年度　2018','00103549','要求終了','601-P TEL <C>','ｺ','在庫等利活用物品','　　　　　　','ｼ4973','3710','1165','','','','','　　　　　　　　　　　　　　　','5','','','',,,
'機械処理年月日　2019-02-01','西暦年度　2018','00106232','要求終了','ｸﾛｰﾊﾞ-ﾎﾝYOUTEL<MG>','ｺ','在庫等利活用物品','　　　　　　','ｼ20055','5560','1745','','','','','　　　　　　　　　　　　　　　','5','','','',,,
'機械処理年月日　2019-02-01','西暦年度　2018','00106245','要求終了','ｸﾛｰﾊﾞ-ﾎﾝYOUTEL<PC>','ｺ','定期物品Ｓ','　　　　　　','ｼ20055','5560','1745','','','','','　　　　　　　　　　　　　　　','2','','','',,,
'機械処理年月日　2019-02-01','西暦年度　2018','00108209','要求終了','ﾒﾓｰﾙ10PBXTEL<FW>','ｺ','定期物品Ｓ','　　　　　　','ｼ5102','9150','2872','','','','','　　　　　　　　　　　　　　　','2','','','',,,
'機械処理年月日　2019-02-01','西暦年度　2018','00108238','要求終了','ｸﾛｰﾊﾞｰﾎﾝS2ｷｬｸｼﾂTEL<J>','ｺ','随時物品大物','　　　　　　','ｼ5206','7610','2389','','','','','　　　　　　　　　　　　　　　','5','','','',,,
'機械処理年月日　2019-02-01','西暦年度　2018','00122519','要求終了','ﾊｳﾃﾞｨ･ｾﾚｸﾄSTELﾜｲﾄﾞ<SW>','ｺ','定期物品Ｓ','　　　　　　','ｼ5206','7130','2238','','','','','　　　　　　　　　　　　　　　','2','','','',,,
'機械処理年月日　2019-02-01','西暦年度　2018','00122522','要求終了','ﾊｳﾃﾞｨ･ｾﾚｸﾄSTELﾜｲﾄﾞ<FG>','ｺ','定期物品Ｓ','　　　　　　','ｼ5206','7130','2238','','','','','　　　　　　　　　　　　　　　','2','','','',,,
'機械処理年月日　2019-02-01','西暦年度　2018','00123727','要求終了','AC 120S','ｺ','定期物品Ｓ','　　　　　　','ｼ 20076','148600','10565','','','','','　　　　　　　　　　　　　　　','2','','','',,,
'機械処理年月日　2019-02-01','西暦年度　2018','00123743','要求終了','HC-7000','ｺ','定期物品Ｓ','　　　　　　','ｼ20076','167000','11874','','','','','　　　　　　　　　　　　　　　','2','','','',,,
'機械処理年月日　2019-02-01','西暦年度　2018','00125299','要求終了','ﾊｳﾃﾞｨ･ｻﾅIC-1000<G>','ｺ','定期物品Ｓ','　　　　　　','ｼ20083','10200','3202','','','','','　　　　　　　　　　　　　　　','2','','','',,,
'機械処理年月日　2019-02-01','西暦年度　2018','00125303','要求終了','ﾊｳﾃﾞｨ･ｻﾅIC-1000<P>','ｺ','定期物品Ｓ','　　　　　　','ｼ20083','10200','3202','','','','','　　　　　　　　　　　　　　　','2','','','',,,
'機械処理年月日　2019-02-01','西暦年度　2018','00101370','要求終了','600-A1WTEL','ｺ','在庫等利活用物品','　　　　　　','ﾊｲｼ','6741','2116','','','','','　　　　　　　　　　　　　　　','5','','','',,,
'機械処理年月日　2019-02-01','西暦年度　2018','00101383','要求終了','600-A2WTEL','ｺ','在庫等利活用物品','　　　　　　','ﾊｲｼ','6741','2116','','','','','　　　　　　　　　　　　　　　','5','','','',,,
'機械処理年月日　2019-02-01','西暦年度　2018','00102315','要求終了','600-A1ﾍﾞﾙﾁﾖｳTEL','ｺ','在庫等利活用物品','　　　　　　','ﾊｲｼ','6140','1927','','','','','　　　　　　　　　　　　　　　','5','','','',,,
'機械処理年月日　2019-02-01','西暦年度　2018','00102328','要求終了','600-A2ﾍﾞﾙﾁﾖｳTEL','ｺ','在庫等利活用物品','　　　　　　','ﾊｲｼ','6140','1927','','','','','　　　　　　　　　　　　　　　','5','','','',,,
'機械処理年月日　2019-02-01','西暦年度　2018','00103552','要求終了','601-PTEL<M>','ｺ','在庫等利活用物品','　　　　　　','ｼ4973','3710','1165','','','','','　　　　　　　　　　　　　　　','5','','','',,,
'機械処理年月日　2019-02-01','西暦年度　2018','00103565','要求終了','601-PTEL<B>','ｺ','在庫等利活用物品','　　　　　　','ｼ4973','3710','1165','','','','','　　　　　　　　　　　　　　　','5','','','',,,
'機械処理年月日　2019-02-01','西暦年度　2018','00106258','要求終了','ｸﾛｰﾊﾞ-ﾎﾝYOUTEL<OY>','ｺ','定期物品Ｓ','　　　　　　','ｼ20055','5560','1745','','','','','　　　　　　　　　　　　　　　','2','','','',,,
'機械処理年月日　2019-02-01','西暦年度　2018','00106261','要求終了','ｸﾛｰﾊﾞ-ﾎﾝYOUTEL<GW>','ｺ','定期物品Ｓ','　　　　　　','ｼ20055','5560','1745','','','','','　　　　　　　　　　　　　　　','2','','','',,,
'機械処理年月日　2019-02-01','西暦年度　2018','00110004','要求終了','HQ-100TEL','ｺ','定期物品Ｓ','　　　　　　','ｻｲｼ120233-1','17500','1244','','','','','　　　　　　　　　　　　　　　','2','','','',,,
'機械処理年月日　2019-02-01','西暦年度　2018','00121125','要求終了','701-PTEL','ｺ','在庫等利活用物品','　　　　　　','ﾊｲｼ','43220','13567','','','','','　　　　　　　　　　　　　　　','5','','','',,,
'機械処理年月日　2019-02-01','西暦年度　2018','00122535','要求終了','ﾊｳﾃﾞｨ･ｾﾚｸﾄSTELﾜｲﾄﾞ<FP>','ｺ','定期物品Ｓ','　　　　　　','ｼ5206','7130','2238','','','','','　　　　　　　　　　　　　　　','2','','','',,,
'機械処理年月日　2019-02-01','西暦年度　2018','00122548','要求終了','ﾊｳﾃﾞｨ･ｾﾚｸﾄSTELﾜｲﾄﾞ<EG>','ｺ','定期物品Ｓ','　　　　　　','ｼ5206','7130','2238','','','','','　　　　　　　　　　　　　　　','2','','','',,,
'機械処理年月日　2019-02-01','西暦年度　2018','00123769','要求終了','AC100S<S>','ｺ','随時物品大物','　　　　　　','ｼ20076','175500','12478','','','','','　　　　　　　　　　　　　　　','5','','','',,,
'機械処理年月日　2019-02-01','西暦年度　2018','00123772','要求終了','AC300','ｺ','随時物品大物','　　　　　　','ｼ210091','430000','30573','','','','','　　　　　　　　　　　　　　　','5','','','',,,
'機械処理年月日　2019-02-01','西暦年度　2018','00125316','要求終了','ﾊｳﾃﾞｨ･ﾚﾎﾟﾝｽCA-4000<PW>','ｺ','定期物品Ｓ','　　　　　　','ｼ20038','19500','6121','','','','','　　　　　　　　　　　　　　　','2','','','',,,
'機械処理年月日　2019-02-01','西暦年度　2018','00125329','要求終了','ﾊｳﾃﾞｨ･ﾚﾎﾟﾝｽCA-4000<GR>','ｺ','定期物品Ｓ','　　　　　　','ｼ20038','19500','6121','','','','','　　　　　　　　　　　　　　　','2','','','',,,
'機械処理年月日　2019-02-01','西暦年度　2018','00101413','要求終了','610-A1TEL','ｺ','在庫等利活用物品','　　　　　　','ﾊｲｼ','6065','1904','','','','','　　　　　　　　　　　　　　　','5','','','',,,
'機械処理年月日　2019-02-01','西暦年度　2018','00101426','要求終了','610-A2TEL','ｺ','在庫等利活用物品','　　　　　　','ﾊｲｼ','6065','1904','','','','','　　　　　　　　　　　　　　　','5','','','',,,
'機械処理年月日　2019-02-01','西暦年度　2018','00102331','要求終了','610-A1ﾍﾞﾙﾁﾖｳTEL','ｺ','在庫等利活用物品','　　　　　　','ﾊｲｼ','6360','1996','','','','','　　　　　　　　　　　　　　　','5','','','',,,
'機械処理年月日　2019-02-01','西暦年度　2018','00102344','要求終了','610-A2ﾍﾞﾙﾁﾖｳTEL','ｺ','在庫等利活用物品','　　　　　　','ﾊｲｼ','6360','1996','','','','','　　　　　　　　　　　　　　　','5','','','',,,
'機械処理年月日　2019-02-01','西暦年度　2018','00103578','要求終了','601-PTEL<DR>','ｺ','在庫等利活用物品','　　　　　　','ｼ4973','3710','1165','','','','','　　　　　　　　　　　　　　　','5','','','',,,
'機械処理年月日　2019-02-01','西暦年度　2018','00103581','要求終了','601-PTEL<DB>','ｺ','在庫等利活用物品','　　　　　　','ｼ4973','3710','1165','','','','','　　　　　　　　　　　　　　　','5','','','',,,
'機械処理年月日　2019-02-01','西暦年度　2018','00106274','要求終了','ｸﾛｰﾊﾞ-ﾎﾝYOUTEL<GR>','ｺ','在庫等利活用物品','　　　　　　','ｼ20055','5560','1745','','','','','　　　　　　　　　　　　　　　','5','','','',,,
'機械処理年月日　2019-02-01','西暦年度　2018','00106317','要求終了','ｸﾛｰﾊﾞ-ﾎﾝYOURATEL<CW>','ｺ','定期物品Ｓ','　　　　　　','ｼ20055','9900','3108','','','','','　　　　　　　　　　　　　　　','2','','','',,,
'機械処理年月日　2019-02-01','西暦年度　2018','00121138','要求終了','702-PTEL','ｺ','在庫等利活用物品','　　　　　　','ﾊｲｼ','32960','10346','','','','','　　　　　　　　　　　　　　　','5','','','',,,
'機械処理年月日　2019-02-01','西暦年度　2018','00122115','要求終了','800-1P TEL <ﾐﾆ>','ｺ','在庫等利活用物品','　　　　　　','ｼ5206','3902','1225','','','','','　　　　　　　　　　　　　　　','5','','','',,,
'機械処理年月日　2019-02-01','西暦年度　2018','00122564','要求終了','ﾊｳﾃﾞｨ･ｾﾚｸﾄSTELﾐﾆ<SW>','ｺ','定期物品Ｓ','　　　　　　','ｼ5206','1500','471','','','','','　　　　　　　　　　　　　　　','2','','','',,,
'機械処理年月日　2019-02-01','西暦年度　2018','00122580','要求終了','ﾊｳﾃﾞｨ･ｾﾚｸﾄSTELﾐﾆ<FP>','ｺ','定期物品Ｓ','　　　　　　','ｼ5206','1500','471','','','','','　　　　　　　　　　　　　　　','2','','','',,,
'機械処理年月日　2019-02-01','西暦年度　2018','00123785','要求終了','SB-1< >','ｺ','定期物品Ｓ','　　　　　　','ｼ210082','653000','46428','','','','','　　　　　　　　　　　　　　　','2','','','',,,
'機械処理年月日　2019-02-01','西暦年度　2018','00124111','要求終了','M-1P TEL','ｺ','在庫等利活用物品','　　　　　　','ﾊｲｼ','34500','10830','','','','','　　　　　　　　　　　　　　　','5','','','',,,
'機械処理年月日　2019-02-01','西暦年度　2018','00125332','要求終了','ﾊｳﾃﾞｨ･ﾚﾎﾟﾝｽCA-4000FAXADP','ｺ','定期物品Ｓ','　　　　　　','ｼ20038','5000','1570','','','','','　　　　　　　　　　　　　　　','2','','','',,,
'機械処理年月日　2019-02-01','西暦年度　2018','00125345','要求終了','ﾊｳﾃﾞｨ･ﾚﾎﾟﾝｽIM-2100<SW>','ｺ','定期物品Ｓ','　　　　　　','ｼ210026','11200','3516','','','','','　　　　　　　　　　　　　　　','2','','','',,,
'機械処理年月日　2019-02-01','西暦年度　2018','00101439','要求終了','611-A1TEL','ｺ','在庫等利活用物品','　　　　　　','ﾊｲｼ','6298','1977','','','','','　　　　　　　　　　　　　　　','5','','','',,,
'機械処理年月日　2019-02-01','西暦年度　2018','00101442','要求終了','610-A1LTEL','ｺ','在庫等利活用物品','　　　　　　','ﾊｲｼ','7393','2321','','','','','　　　　　　　　　　　　　　　','5','','','',,,
'機械処理年月日　2019-02-01','西暦年度　2018','00102360','要求終了','650-A1ﾍﾞﾙﾁﾖｳTEL','ｺ','在庫等利活用物品','　　　　　　','ﾊｲｼ','6364','1998','','','','','　　　　　　　　　　　　　　　','5','','','',,,
'機械処理年月日　2019-02-01','西暦年度　2018','00102517','要求終了','601-A1 ｲﾛ TEL <W>','ｺ','在庫等利活用物品','　　　　　　','ｼ4884','4927','1547','','','','','　　　　　　　　　　　　　　　','5','','','',,,
'機械処理年月日　2019-02-01','西暦年度　2018','00103594','要求終了','601-PTEL<DG>','ｺ','在庫等利活用物品','　　　　　　','ｼ4973','3710','1165','','','','','　　　　　　　　　　　　　　　','5','','','',,,
'機械処理年月日　2019-02-01','西暦年度　2018','00103608','要求終了','601-PTEL','ｺ','在庫等利活用物品','　　　　　　','ｼ4973','3710','1165','','','','','　　　　　　　　　　　　　　　','5','','','',,,
'機械処理年月日　2019-02-01','西暦年度　2018','00106320','要求終了','ｸﾛｰﾊﾞ-ﾎﾝMEPBXTEL<CW>','ｺ','定期物品Ｓ','　　　　　　','ｼ20055','6200','1946','','','','','　　　　　　　　　　　　　　　','2','','','',,,
'機械処理年月日　2019-02-01','西暦年度　2018','00106333','要求終了','ｸﾛｰﾊﾞ-ﾎﾝMEPBXTEL<BP>','ｺ','定期物品Ｓ','　　　　　　','ｼ20055','6200','1946','','','','','　　　　　　　　　　　　　　　','2','','','',,,
'機械処理年月日　2019-02-01','西暦年度　2018','00122128','要求終了','800-2P TEL <ﾀﾃ>','ｺ','在庫等利活用物品','　　　　　　','ｼ5206','4497','1412','','','','','　　　　　　　　　　　　　　　','5','','','',,,
'機械処理年月日　2019-02-01','西暦年度　2018','00122131','要求終了','800-2P TEL <ﾖｺ>','ｺ','在庫等利活用物品','　　　　　　','ｼ5206','4497','1412','','','','','　　　　　　　　　　　　　　　','5','','','',,,
'機械処理年月日　2019-02-01','西暦年度　2018','00122593','要求終了','ﾊｳﾃﾞｨ･ｾﾚｸﾄSTELﾐﾆ<PL>','ｺ','定期物品Ｓ','　　　　　　','ｼ5206','1500','471','','','','','　　　　　　　　　　　　　　　','2','','','',,,
'機械処理年月日　2019-02-01','西暦年度　2018','00122607','要求終了','ﾊｳﾃﾞｨ･ｾﾚｸﾄSTELﾐﾆ<YL>','ｺ','定期物品Ｓ','　　　　　　','ｼ5206','1500','471','','','','','　　　　　　　　　　　　　　　','2','','','',,,
'機械処理年月日　2019-02-01','西暦年度　2018','00124212','要求終了','M-2PD TEL <ﾖｺ><WR>','ｺ','在庫等利活用物品','　　　　　　','ｼ 5102','7000','2197','','','','','　　　　　　　　　　　　　　　','5','','','',,,
'機械処理年月日　2019-02-01','西暦年度　2018','00124225','要求終了','M-2PD TEL <ﾖｺ><WB>','ｺ','在庫等利活用物品','　　　　　　','ｼ 5102','7000','2197','','','','','　　　　　　　　　　　　　　　','5','','','',,,
'機械処理年月日　2019-02-01','西暦年度　2018','00125358','要求終了','ﾊｳﾃﾞｨ･ﾚﾎﾟﾝｽIM-2100<DG>','ｺ','定期物品Ｓ','　　　　　　','ｼ210026','11200','3516','','','','','　　　　　　　　　　　　　　　','2','','','',,,
'機械処理年月日　2019-02-01','西暦年度　2018','00125361','要求終了','ﾊｳﾃﾞｨ･ﾚﾎﾟﾝｽIM-2100<P>','ｺ','定期物品Ｓ','　　　　　　','ｼ210026','11200','3516','','','','','　　　　　　　　　　　　　　　','2','','','',,,
'機械処理年月日　2019-02-01','西暦年度　2018','00101455','要求終了','610-A2LTEL','ｺ','在庫等利活用物品','　　　　　　','ﾊｲｼ','7393','2321','','','','','　　　　　　　　　　　　　　　','5','','','',,,
'機械処理年月日　2019-02-01','西暦年度　2018','00101471','要求終了','610-A1WTEL','ｺ','在庫等利活用物品','　　　　　　','ﾊｲｼ','7156','2246','','','','','　　　　　　　　　　　　　　　','5','','','',,,
'機械処理年月日　2019-02-01','西暦年度　2018','00102520','要求終了','601-A1 ｲﾛ TEL <G>','ｺ','在庫等利活用物品','　　　　　　','ｼ4884','4927','1547','','','','','　　　　　　　　　　　　　　　','5','','','',,,
'機械処理年月日　2019-02-01','西暦年度　2018','00102533','要求終了','601-A1 ｲﾛ TEL <I>','ｺ','在庫等利活用物品','　　　　　　','ｼ4884','4927','1547','','','','','　　　　　　　　　　　　　　　','5','','','',,,
'機械処理年月日　2019-02-01','西暦年度　2018','00103611','要求終了','601-PL TEL','ｺ','在庫等利活用物品','　　　　　　','ｼ4974','7800','2448','','','','','　　　　　　　　　　　　　　　','5','','','',,,
'機械処理年月日　2019-02-01','西暦年度　2018','00103712','要求終了','601-PW TEL','ｺ','定期物品Ｓ','　　　　　　','ｼ 5001','4916','1543','','','','','　　　　　　　　　　　　　　　','2','','','',,,
'機械処理年月日　2019-02-01','西暦年度　2018','00106346','要求終了','ｸﾛｰﾊﾞｰﾎﾝMEPBXTEL<GW>','ｺ','定期物品Ｓ','　　　　　　','ｼ20055','6200','1946','','','','','　　　　　　　　　　　　　　　','2','','','',,,
'機械処理年月日　2019-02-01','西暦年度　2018','00106359','要求終了','H･ｸﾛｰﾊﾞｰﾎﾝSTELﾀﾃ<CW>','ｺ','定期物品Ｓ','　　　　　　','ｼ20055','3000','942','','','','','　　　　　　　　　　　　　　　','2','','','',,,
'機械処理年月日　2019-02-01','西暦年度　2018','00168524','要求終了','NTT･ﾊﾅﾁｬﾝﾖﾋﾞﾀﾞｼSW','ｺ','定期物品Ｓ','　　　　　　','ｼ210055-1','3000','942','','','','','　　　　　　　　　　　　　　　','2','','','',,,
'機械処理年月日　2019-02-01','西暦年度　2018','00168537','要求終了','NTT･ﾊﾅﾁｬﾝﾄﾘｾﾂ','ｺ','随時物品小物','　　　　　　','ｼ210055-1','50','16','','','','','　　　　　　　　　　　　　　　','5','','','',,,
'機械処理年月日　2019-02-01','西暦年度　2018','00169136','通常','NTT･ｵｰﾄﾎﾝｳｹﾂｹTEL','ｺ','随時物品大物','　　　　　　','ｼ20064','12000','3767','','','','','　　　　　　　　　　　　　　　','6','','','',,,
'機械処理年月日　2019-02-01','西暦年度　2018','00169149','要求終了','NTT･ｵｰﾄﾎﾝME-2','ｺ','随時物品大物','　　　　　　','ｻｲｼB20064-2','146000','10381','','','','','　　　　　　　　　　　　　　　','6','','','',,,
'機械処理年月日　2019-02-01','西暦年度　2018','00173243','要求終了','ｾﾝﾀCPUﾘﾁｳﾑﾃﾞﾝﾁ','ｺ','随時物品大物','　　　　　　','ｻｲｼ120992-1','500','157','','','','','　　　　　　　　　　　　　　　','120','','','',,,
'機械処理年月日　2019-02-01','西暦年度　2018','00173256','要求終了','OTK-MT001','ｺ','随時物品大物','　　　　　　','ｻｲｼ120991','258000','80986','','','','','　　　　　　　　　　　　　　　','10','','','',,,
'機械処理年月日　2019-02-01','西暦年度　2018','00181118','要求終了','ﾃﾚﾘｰﾙ','ｺ','在庫等利活用物品','　　　　　　','ｼ 20024','2000','628','','','','','　　　　　　　　　　　　　　　','5','','','',,,
'機械処理年月日　2019-02-01','西暦年度　2018','00181121','要求終了','ﾃﾚﾘｰﾙ<D>','ｺ','定期物品Ｓ','　　　　　　','ｼ20024','2395','752','','','','','　　　　　　　　　　　　　　　','2','','','',,,
'機械処理年月日　2019-02-01','西暦年度　2018','00188252','要求終了','N-4TRｶﾝﾋﾞ<K>','ｺ','定期物品Ｓ','　　　　　　','ｼ4887','4980','1563','','','','','　　　　　　　　　　　　　　　','2','','','',,,
'機械処理年月日　2019-02-01','西暦年度　2018','00188265','要求終了','N-4TRｶﾝﾋﾞ<BE>','ｺ','定期物品Ｓ','　　　　　　','ｼ4887','4980','1563','','','','','　　　　　　　　　　　　　　　','2','','','',,,
'機械処理年月日　2019-02-01','西暦年度　2018','00126481','要求終了','HｺｰﾄﾞﾚｽﾎﾝﾊﾟｯｾS-100<BK>TEL','ｺ','定期物品Ｓ','　　　　　　','ｼ5396','14000','4395','','','','','　　　　　　　　　　　　　　　','2','','','',,,
'機械処理年月日　2019-02-01','西暦年度　2018','00126494','要求終了','HｺｰﾄﾞﾚｽﾎﾝﾊﾟｯｾS-100<FP>TEL','ｺ','定期物品Ｓ','　　　　　　','ｼ5396','14000','4395','','','','','　　　　　　　　　　　　　　　','2','','','',,,
'機械処理年月日　2019-02-01','西暦年度　2018','00126814','要求終了','ﾊﾟｯｾS-300<BW>TEL','ｺ','定期物品Ｓ','　　　　　　','ｼ5396','14000','4395','','','','','　　　　　　　　　　　　　　　','2','','','',,,
'機械処理年月日　2019-02-01','西暦年度　2018','00126827','要求終了','ﾊﾟｯｾS-300<DH>TEL','ｺ','定期物品Ｓ','　　　　　　','ｼ5396','14000','4395','','','','','　　　　　　　　　　　　　　　','2','','','',,,
'機械処理年月日　2019-02-01','西暦年度　2018','00128328','要求終了','SF2-ｶﾍﾞｶﾅﾓﾉ-A','ｺ','定期物品Ｓ','　　　　　　','ｼ20004','1400','439','','','','','　　　　　　　　　　　　　　　','2','','','',,,
'機械処理年月日　2019-02-01','西暦年度　2018','00128331','要求終了','SF-DH-PAL<DG>','ｺ','定期物品Ｓ','　　　　　　','ｼ20016','3200','1004','','','','','　　　　　　　　　　　　　　　','2','','','',,,
'機械処理年月日　2019-02-01','西暦年度　2018','00151216','要求終了','NTT･ﾓﾉﾄｰﾝS TEL<M>','ｺ','在庫等利活用物品','　　　　　　','ｼ 20006','9200','2888','','','','','　　　　　　　　　　　　　　　','5','','','',,,
'機械処理年月日　2019-02-01','西暦年度　2018','00151229','要求終了','NTT･ﾓﾉﾄｰﾝS TEL<K>','ｺ','在庫等利活用物品','　　　　　　','ｼ 20006','9200','2888','','','','','　　　　　　　　　　　　　　　','5','','','',,,
'機械処理年月日　2019-02-01','西暦年度　2018','00151711','要求終了','NTTﾓﾀﾞﾝ2 TEL<K>','ｺ','定期物品Ｓ','　　　　　　','ｼ20006','10000','3139','','','','','　　　　　　　　　　　　　　　','2','','','',,,
'機械処理年月日　2019-02-01','西暦年度　2018','00151724','要求終了','NTTﾓﾉﾄｰﾝD TEL<WX>','ｺ','定期物品Ｓ','　　　　　　','ｼ20006','10960','3440','','','','','　　　　　　　　　　　　　　　','2','','','',,,
'機械処理年月日　2019-02-01','西暦年度　2018','00152091','要求終了','NTT･ﾀﾑﾀﾑTEL<B>','ｺ','定期物品Ｓ','　　　　　　','ｼ210027','6000','1883','','','','','　　　　　　　　　　　　　　　','2','','','',,,
'機械処理年月日　2019-02-01','西暦年度　2018','00152105','要求終了','NTT･ｷｭｰﾄA10TEL<W>','ｺ','定期物品Ｓ','　　　　　　','ｼ210047','7200','2260','','','','','　　　　　　　　　　　　　　　','2','','','',,,
'機械処理年月日　2019-02-01','西暦年度　2018','00156165','要求終了','NTT･ｺｰﾄﾞﾚｽﾎﾝCJ-A<W>','ｺ','定期物品Ｓ','　　　　　　','ｼ210038','35850','11253','','','','','　　　　　　　　　　　　　　　','2','','','',,,
'機械処理年月日　2019-02-01','西暦年度　2018','00156178','要求終了','NTT･ｺｰﾄﾞﾚｽﾎﾝCJ-A<K>','ｺ','定期物品Ｓ','　　　　　　','ｼ210038','35850','11253','','','','','　　　　　　　　　　　　　　　','2','','','',,,
'機械処理年月日　2019-02-01','西暦年度　2018','00161262','要求終了','601-A2 RAｲﾛ TEL <I>','ｺ','在庫等利活用物品','　　　　　　','ﾊｲｼ','10850','3406','','','','','　　　　　　　　　　　　　　　','5','','','',,,
'機械処理年月日　2019-02-01','西暦年度　2018','00161318','要求終了','61-RA TRｶﾝﾋﾞ','ｺ','定期物品Ｓ','　　　　　　','ｼ  4888','7374','2315','','','','','　　　　　　　　　　　　　　　','2','','','',,,
'機械処理年月日　2019-02-01','西暦年度　2018','00163125','要求終了','SK210-A-TERM<IW>','ｺ','在庫等利活用物品','　　　　　　','ﾄｼ8003','24000','900','','','','','　　　　　　　　　　　　　　　','5','','','',,,
'機械処理年月日　2019-02-01','西暦年度　2018','00163138','要求終了','SK210-A-TERM<LB>','ｺ','在庫等利活用物品','　　　　　　','ﾄｼ8003','24000','900','','','','','　　　　　　　　　　　　　　　','5','','','',,,
'機械処理年月日　2019-02-01','西暦年度　2018','00166384','要求終了','675PN-VB TEL<BE>','ｺ','在庫等利活用物品','　　　　　　','ﾊｲｼ','57500','18049','','','','','　　　　　　　　　　　　　　　','5','','','',,,
'機械処理年月日　2019-02-01','西暦年度　2018','00166515','要求終了','PT-1P TEL<P>','ｺ','定期物品Ｓ','　　　　　　','ｼ210051','41000','12870','','','','','　　　　　　　　　　　　　　　','2','','','',,,
'機械処理年月日　2019-02-01','西暦年度　2018','00166863','要求終了','PﾃﾚﾎﾝDCL','ｺ','定期物品Ｓ','　　　　　　','ｼ210051','63800','20027','','','','','　　　　　　　　　　　　　　　','2','','','',,,
'機械処理年月日　2019-02-01','西暦年度　2018','00166876','要求終了','PﾃﾚﾎﾝDCL-TEL','ｺ','定期物品Ｓ','　　　　　　','ｼ210051','15500','4865','','','','','　　　　　　　　　　　　　　　','2','','','',,,
'機械処理年月日　2019-02-01','西暦年度　2018','00168540','要求終了','NTT･ﾊﾅﾁｬﾝﾖﾋﾞﾀﾞｼSWﾄﾘｾﾂ','ｺ','随時物品小物','　　　　　　','ｼ210055-1','10','3','','','','','　　　　　　　　　　　　　　　','5','','','',,,
'機械処理年月日　2019-02-01','西暦年度　2018','00168553','要求終了','PC-110ﾂｳﾎｳｿｳﾁ','ｺ','定期物品Ｓ','　　　　　　','ｻｲｼ120056','50000','15695','','','','','　　　　　　　　　　　　　　　','2','','','',,,
'機械処理年月日　2019-02-01','西暦年度　2018','00169152','要求終了','NTT･ｵｰﾄﾎﾝﾖﾋﾞﾀﾞｼTEL-2','ｺ','随時物品大物','　　　　　　','ｻｲｼB20064-2','13500','960','','','','','　　　　　　　　　　　　　　　','6','','','',,,
'機械処理年月日　2019-02-01','西暦年度　2018','00169165','要求終了','NTT･ｵｰﾄﾎﾝｳｹﾂｹTEL-2','ｺ','随時物品大物','　　　　　　','ｻｲｼB20064-2','31000','2204','','','','','　　　　　　　　　　　　　　　','6','','','',,,
'機械処理年月日　2019-02-01','西暦年度　2018','00173269','要求終了','CE001-2PAG','ｺ','随時物品大物','　　　　　　','ｻｲﾎｼIW120992','70000','21973','','','','','　　　　　　　　　　　　　　　','120','','','',,,
'機械処理年月日　2019-02-01','西暦年度　2018','00173272','要求終了','CE001-2DECK-B','ｺ','随時物品大物','　　　　　　','ｻｲﾎｼIW120992','70000','21973','','','','','　　　　　　　　　　　　　　　','120','','','',,,
'機械処理年月日　2019-02-01','西暦年度　2018','00183000','通常','ｻﾝﾀﾞｰｶﾞｰﾄﾞI','ｺ','定期物品Ｓ','　　　　　　','ｻｲｼ120057','1090','342','','','','','　　　　　　　　　　　　　　　','2','','','',,,
'機械処理年月日　2019-02-01','西暦年度　2018','00183013','通常','ｻﾝﾀﾞｰｶﾞｰﾄﾞA','ｺ','定期物品Ｓ','　　　　　　','ｻｲｼ120057','1090','342','','','','','　　　　　　　　　　　　　　　','2','','','',,,
'機械処理年月日　2019-02-01','西暦年度　2018','00125420','要求終了','ﾊｳﾃﾞｨ･ﾚﾎﾟﾝｽIM-2300<MW>','ｺ','定期物品Ｓ','　　　　　　','ｼ210026','11380','3572','','','','','　　　　　　　　　　　　　　　','2','','','',,,
'機械処理年月日　2019-02-01','西暦年度　2018','00125433','要求終了','ﾊｳﾃﾞｨ･ﾚﾎﾟﾝｽIM-2300<SH>','ｺ','定期物品Ｓ','　　　　　　','ｼ210026','11380','3572','','','','','　　　　　　　　　　　　　　　','2','','','',,,